Link Name,Center of Mass X,Center of Mass Y,Center of Mass Z,Center of Mass Roll,Center of Mass Pitch,Center of Mass Yaw,Mass,Moment Ixx,Moment Ixy,Moment Ixz,Moment Iyy,Moment Iyz,Moment Izz,Visual X,Visual Y,Visual Z,Visual Roll,Visual Pitch,Visual Yaw,Mesh Filename,Color Red,Color Green,Color Blue,Color Alpha,Collision X,Collision Y,Collision Z,Collision Roll,Collision Pitch,Collision Yaw,Collision Mesh Filename,Material Name,SW Components,Coordinate System,Axis Name,Joint Name,Joint Type,Joint Origin X,Joint Origin Y,Joint Origin Z,Joint Origin Roll,Joint Origin Pitch,Joint Origin Yaw,Parent,Joint Axis X,Joint Axis Y,Joint Axis Z,Limit Effort,Limit Velocity,Limit Lower,Limit Upper,Calibration rising,Calibration falling,Dynamics Damping,Dynamics Friction,Safety Soft Upper,Safety Soft Lower,Safety K Position,Safety K Velocity
base_link,-0.000206,-1.132E-05,0.01378,0,0,0,0.2893,0.00023251,-5.3845E-11,3.7331E-07,0.00042394,2.1275E-13,0.0006031,0,0,0,0,0,0,package://assem file/meshes/base_link.STL,0.79216,0.81961,0.93333,1,0,0,0,0,0,0,package://assem file/meshes/base_link.STL,,p1-1;sunfounder_20kgSLDPRT-6;sunfounder_20kgSLDPRT-5;sunfounder_20kgSLDPRT-4;sunfounder_20kgSLDPRT-2;sunfounder_20kgSLDPRT-1;sunfounder_20kgSLDPRT-3,Coordinate System1,,,,0,0,0,0,0,0,,0,0,0,,,,,,,,,,,,
l1,0.018943,-0.028918,-0.023429,0,0,0,0.012006,8.2697E-06,7.0269E-07,-4.1184E-08,7.8851E-06,6.2787E-08,8.8901E-06,0,0,0,0,0,0,package://assem file/meshes/l1.STL,0.79216,0.81961,0.93333,1,0,0,0,0,0,0,package://assem file/meshes/l1.STL,,P2-6,Coordinate System2,Axis1,j1,revolute,0.097516,-0.064862,0.046028,0,0,0,base_link,0,0,1,0,0,0,0,,,,,,,,
k1,0.0036022,-0.038811,-0.028429,0,0,0,0.093213,5.1867E-05,4.2256E-06,9.7918E-08,1.5147E-05,1.1068E-08,4.4652E-05,0,0,0,0,0,0,package://assem file/meshes/k1.STL,0.79216,0.81961,0.93333,1,0,0,0,0,0,0,package://assem file/meshes/k1.STL,,P3-4;sunfounder_20kgSLDPRT-16;sunfounder_20kgSLDPRT-10,Coordinate System3,Axis2,j2,revolute,0.01829,-0.071466,-0.023028,1.5708,0,-0.99922,l1,0,0,1,0,0,0,0,,,,,,,,
k2,-0.00472294512859113,-0.0595019586091517,-0.0234813696281869,0,0,0,0.0167426402160334,1.83247823151032E-05,1.3453174116967E-06,-2.57451496791474E-08,8.33806539966062E-06,1.93561773464471E-07,1.09253009204658E-05,0,0,0,0,0,0,package://assem file/meshes/k2.STL,0.792156862745098,0.819607843137255,0.933333333333333,1,0,0,0,0,0,0,package://assem file/meshes/k2.STL,,P5-6;P4-6,Coordinate System4,Axis3,j3,revolute,0.02107,-0.074789,0,0,0,0,k1,0,0,1,0,0,0,0,,,,,,,,
l2,0.000650587892191926,-0.034563754220366,-0.0234287833345278,0,0,0,0.012006302484934,8.79397464513076E-06,1.31488143120497E-07,-1.45875992874423E-09,7.36085645294536E-06,7.50745445120841E-08,8.89014001569039E-06,0,0,0,0,0,0,package://assem file/meshes/l2.STL,0.792156862745098,0.819607843137255,0.933333333333333,1,0,0,0,0,0,0,package://assem file/meshes/l2.STL,,P2-5,Coordinate System5,Axis4,j4,revolute,6.9649E-05,-0.07005,0.046028,0,0,0,base_link,0,0,1,0,0,0,0,,,,,,,,
k3,0.00411603477847871,-0.0382374935313686,-0.0284288255218114,0,0,0,0.0932130469883491,5.17328657549768E-05,4.77292915372466E-06,9.77424268124241E-08,1.52811343815701E-05,1.25324970207683E-08,4.46523975184934E-05,0,0,0,0,0,0,package://assem file/meshes/k3.STL,0.250980392156863,0.250980392156863,0.250980392156863,1,0,0,0,0,0,0,package://assem file/meshes/k3.STL,,sunfounder_20kgSLDPRT-17;sunfounder_20kgSLDPRT-11;P3-5,Coordinate System6,Axis5,j5,revolute,-0.022544,-0.07024,-0.023028,1.5708,0,-1.5603,l2,0,0,1,0,0,0,0,,,,,,,,
k4,0.00160179062620821,-0.0575654654125066,-0.0234813696281871,0,0,0,0.0167426402160334,1.84950557113844E-05,2.83573097880976E-07,-5.48161927375308E-09,8.16779200337941E-06,1.95189458549513E-07,1.09253009204659E-05,0,0,0,0,0,0,package://assem file/meshes/k4.STL,0.792156862745098,0.819607843137255,0.933333333333333,1,0,0,0,0,0,0,package://assem file/meshes/k4.STL,,P5-5;P4-5,Coordinate System7,Axis6,j6,revolute,0.0098211,-0.07627,0,0,0,0,k3,0,0,1,0,0,0,0,,,,,,,,
l3,-0.0177776320129332,-0.0296484766965196,-0.0234287833345277,0,0,0,0.012006302484934,8.50918645579032E-06,-5.86787827120526E-07,3.85753841483371E-08,7.64564464228585E-06,6.44224724147887E-08,8.89014001569042E-06,0,0,0,0,0,0,package://assem file/meshes/l3.STL,0.792156862745098,0.819607843137255,0.933333333333333,1,0,0,0,0,0,0,package://assem file/meshes/l3.STL,,P2-4,Coordinate System8,Axis7,j7,revolute,-0.097576,-0.064862,0.046028,0,0,0,base_link,0,0,1,0,0,0,0,,,,,,,,
k5,0.00464312664969035,-0.0381770770678641,-0.0284288206576896,0,0,0,0.0932129527959196,5.15942311876783E-05,5.27391327593912E-06,9.7561289508613E-08,1.54197427660874E-05,1.38813109112531E-08,4.46523929629764E-05,0,0,0,0,0,0,package://assem file/meshes/k5.STL,0.250980392156863,0.250980392156863,0.250980392156863,1,0,0,0,0,0,0,package://assem file/meshes/k5.STL,,sunfounder_20kgSLDPRT-18;sunfounder_20kgSLDPRT-12;P3-6,Coordinate System9,Axis8,j8,revolute,-0.056361,-0.047595,-0.023028,1.5708,0,-2.1193,l3,0,0,1,0,0,0,0,,,,,,,,
k6,0.00694210185227984,-0.0571677860620933,-0.0234813696281871,0,0,0,0.0167426402160334,1.83534927801573E-05,1.23382792982008E-06,-2.35890021249202E-08,8.30935493460645E-06,1.93836353291826E-07,1.09253009204659E-05,0,0,0,0,0,0,package://assem file/meshes/k6.STL,0.792156862745098,0.819607843137255,0.933333333333333,1,0,0,0,0,0,0,package://assem file/meshes/k6.STL,,P4-4;P5-4,Coordinate System10,Axis9,j9,revolute,0.010872,-0.076128,0,0,0,0,k5,0,0,1,0,0,0,0,,,,,,,,
l4,-0.0194710406320587,0.0296043670075474,-0.0235665545152595,0,0,0,0.012006302484934,8.37516296696656E-06,7.27543039759139E-07,6.34574694460207E-08,7.87323836218128E-06,-9.76568372987828E-08,8.79656978461872E-06,0,0,0,0,0,0,package://assem file/meshes/l4.STL,0.792156862745098,0.819607843137255,0.933333333333333,1,0,0,0,0,0,0,package://assem file/meshes/l4.STL,,P2-3,Coordinate System11,Axis10,j10,revolute,-0.097749,0.064762,0.046028,0,0,0,base_link,0,0,1,0,0,0,0,,,,,,,,
k7,-0.00970802983952468,-0.0375028089758656,0.0284288202458129,0,0,0,0.0932129468846321,4.9588948701202E-05,-9.81494088923718E-06,9.48808833042008E-08,1.74250245583001E-05,-2.6610581668572E-08,4.46523936708905E-05,0,0,0,0,0,0,package://assem file/meshes/k7.STL,0.792156862745098,0.819607843137255,0.933333333333333,1,0,0,0,0,0,0,package://assem file/meshes/k7.STL,,P3-3;sunfounder_20kgSLDPRT-9;sunfounder_20kgSLDPRT-15,Coordinate System12,Axis11,j11,revolute,-0.01842,0.071351,-0.023278,1.5708,0,-1.0003,l4,0,0,-1,0,0,0,0,,,,,,,,
k8,0.00275610010541993,-0.0575217563498964,0.0234813696281869,0,0,0,0.0167426402160334,1.84787617109144E-05,4.98418144836641E-07,9.29499424968489E-09,8.1840860038494E-06,-1.95045061359208E-07,1.09253009204658E-05,0,0,0,0,0,0,package://assem file/meshes/k8.STL,0.792156862745098,0.819607843137255,0.933333333333333,1,0,0,0,0,0,0,package://assem file/meshes/k8.STL,,P4-3;P5-1,Coordinate System13,Axis12,j12,continuous,-0.021023,-0.074802,0,0,0,0,k7,0,0,-1,,,,,,,,,,,,
l5,9.26220855316517E-05,0.0354334783836157,-0.0235665545152594,0,0,0,0.012006302484934,8.89193465172238E-06,5.37166352375865E-08,-9.49631593095016E-10,7.35646667742541E-06,-1.16459462902465E-07,8.79656978461868E-06,0,0,0,0,0,0,package://assem file/meshes/l5.STL,0.792156862745098,0.819607843137255,0.933333333333333,1,0,0,0,0,0,0,package://assem file/meshes/l5.STL,,P2-2,Coordinate System14,Axis13,j13,revolute,6.9649E-05,0.07005,0.046028,0,0,0,base_link,0,0,1,0,0,0,0,,,,,,,,
k9,-0.00373947337447317,-0.0382761552071941,0.0284288255066971,0,0,0,0.093213046514649,5.18232870901142E-05,-4.41323621172975E-06,9.78612005999807E-08,1.51907128428655E-05,-1.15701762816693E-08,4.4652397424735E-05,0,0,0,0,0,0,package://assem file/meshes/k9.STL,0.250980392156863,0.250980392156863,0.250980392156863,1,0,0,0,0,0,0,package://assem file/meshes/k9.STL,,sunfounder_20kgSLDPRT-8;P3-2;sunfounder_20kgSLDPRT-14,Coordinate System15,Axis14,j14,revolute,0.024001,0.069672,-0.023278,1.5708,0,-1.5847,l5,0,0,-1,0,0,0,0,,,,,,,,
k10,-0.00355296013130013,-0.057478039420933,0.0234813696281871,0,0,0,0.0167426402160334,1.84639586385374E-05,-6.32925229186083E-07,-1.20974965016117E-08,8.19888907622643E-06,-1.94891311907679E-07,1.09253009204658E-05,0,0,0,0,0,0,package://assem file/meshes/k10.STL,0.792156862745098,0.819607843137255,0.933333333333333,1,0,0,0,0,0,0,package://assem file/meshes/k10.STL,,P4-2;P5-3,Coordinate System16,Axis15,j15,revolute,-0.00907,-0.076363,0,0,0,0,k9,0,0,-1,0,0,0,0,,,,,,,,
l6,0.0187652395374231,0.0300567089734717,-0.0235665545152594,0,0,0,0.012006302484934,8.51302993516428E-06,-6.64163195499659E-07,-6.22240384372921E-08,7.73537139398355E-06,-9.84473328244468E-08,8.7965697846187E-06,0,0,0,0,0,0,package://assem file/meshes/l6.STL,0.792156862745098,0.819607843137255,0.933333333333333,1,0,0,0,0,0,0,package://assem file/meshes/l6.STL,,P2-1,Coordinate System17,Axis16,j16,revolute,0.097516,0.064862,0.046028,0,0,0,base_link,0,0,1,0,0,0,0,,,,,,,,
k11,-0.00743940148896982,-0.0377319904214699,0.0284288203759906,0,0,0,0.0932129489301206,5.06244629276949E-05,-7.87112254439946E-06,9.62754186057486E-08,1.63895104311031E-05,-2.10212070631134E-08,4.46523932639303E-05,0,0,0,0,0,0,package://assem file/meshes/k11.STL,0.250980392156863,0.250980392156863,0.250980392156863,1,0,0,0,0,0,0,package://assem file/meshes/k11.STL,,sunfounder_20kgSLDPRT-7;P3-1;sunfounder_20kgSLDPRT-13,Coordinate System18,Axis17,j17,revolute,0.057135,0.046539,-0.023278,1.5708,0,-2.1402,l6,0,0,-1,0,0,0,0,,,,,,,,
k12,-0.00921184682826581,-0.0568461996916372,0.0234813696281869,0,0,0,0.0167426402160334,1.82394494380926E-05,-1.62935340690696E-06,-3.12848886055695E-08,8.42339827667106E-06,-1.9274394575097E-07,1.09253009204658E-05,0,0,0,0,0,0,package://assem file/meshes/k12.STL,0.792156862745098,0.819607843137255,0.933333333333333,1,0,0,0,0,0,0,package://assem file/meshes/k12.STL,,P4-1;P5-2,Coordinate System19,Axis18,j18,revolute,-0.016444,-0.075121,0,0,0,0,k11,0,0,-1,0,0,0,0,,,,,,,,
